"","X","Modelsize","meanFDP","meanTPP","sdModelsize","sdFDP","sdTPP","OC","p","cov.type","rho","op","n1","n2","det1","det2"
"1","SDA0-0.05",56.39,0.045,0.892,7.733,0.031,0.043,"gaussian",600,"ar",0.8,0.1,400,300,-0.2,0.2
"2","SDA0-0.1",60.78,0.09,0.916,8.211,0.04,0.039,"gaussian",600,"ar",0.8,0.1,400,300,-0.2,0.2
"3","SDA0-0.2",68.02,0.171,0.933,9.074,0.049,0.036,"gaussian",600,"ar",0.8,0.1,400,300,-0.2,0.2
"4","SDA1-0.05",56.23,0.046,0.889,7.966,0.032,0.044,"gaussian",600,"ar",0.8,0.1,400,300,-0.2,0.2
"5","SDA1-0.1",60.6,0.088,0.915,8.198,0.044,0.038,"gaussian",600,"ar",0.8,0.1,400,300,-0.2,0.2
"6","SDA1-0.2",68.95,0.179,0.935,9.767,0.057,0.035,"gaussian",600,"ar",0.8,0.1,400,300,-0.2,0.2
"7","LEB0",55.3,0.098,0.822,10.055,0.056,0.063,"gaussian",600,"ar",0.8,0.1,400,300,-0.2,0.2
"8","LEB",55.72,0.102,0.825,9.836,0.055,0.065,"gaussian",600,"ar",0.8,0.1,400,300,-0.2,0.2
"9","SDA0-0.051",61.1,0.042,0.97,7.978,0.031,0.026,"gaussian",600,"ar",0.8,0.1,400,300,-0.25,0.25
"10","SDA0-0.11",64.56,0.085,0.978,8.403,0.039,0.021,"gaussian",600,"ar",0.8,0.1,400,300,-0.25,0.25
"11","SDA0-0.21",71.14,0.165,0.983,9.542,0.05,0.018,"gaussian",600,"ar",0.8,0.1,400,300,-0.25,0.25
"12","SDA1-0.051",61.21,0.044,0.97,7.966,0.032,0.024,"gaussian",600,"ar",0.8,0.1,400,300,-0.25,0.25
"13","SDA1-0.11",64.46,0.084,0.978,8.444,0.041,0.022,"gaussian",600,"ar",0.8,0.1,400,300,-0.25,0.25
"14","SDA1-0.21",71.97,0.176,0.981,9.807,0.052,0.019,"gaussian",600,"ar",0.8,0.1,400,300,-0.25,0.25
"15","LEB01",63.05,0.091,0.945,10.094,0.048,0.035,"gaussian",600,"ar",0.8,0.1,400,300,-0.25,0.25
"16","LEB1",63.76,0.099,0.948,10.107,0.048,0.033,"gaussian",600,"ar",0.8,0.1,400,300,-0.25,0.25
"17","SDA0-0.052",62.35,0.039,0.993,8.082,0.028,0.011,"gaussian",600,"ar",0.8,0.1,400,300,-0.3,0.3
"18","SDA0-0.12",65.63,0.085,0.995,8.752,0.04,0.011,"gaussian",600,"ar",0.8,0.1,400,300,-0.3,0.3
"19","SDA0-0.22",71.98,0.164,0.995,9.818,0.049,0.01,"gaussian",600,"ar",0.8,0.1,400,300,-0.3,0.3
"20","SDA1-0.052",62.47,0.043,0.991,8.008,0.031,0.014,"gaussian",600,"ar",0.8,0.1,400,300,-0.3,0.3
"21","SDA1-0.12",65.58,0.085,0.994,8.459,0.04,0.011,"gaussian",600,"ar",0.8,0.1,400,300,-0.3,0.3
"22","SDA1-0.22",72.94,0.174,0.995,10.377,0.053,0.009,"gaussian",600,"ar",0.8,0.1,400,300,-0.3,0.3
"23","LEB02",64.34,0.074,0.987,8.511,0.037,0.013,"gaussian",600,"ar",0.8,0.1,400,300,-0.3,0.3
"24","LEB2",64.53,0.076,0.988,8.499,0.037,0.013,"gaussian",600,"ar",0.8,0.1,400,300,-0.3,0.3
"25","SDA0-0.053",62.74,0.039,0.999,8.248,0.029,0.005,"gaussian",600,"ar",0.8,0.1,400,300,-0.35,0.35
"26","SDA0-0.13",65.79,0.084,0.999,8.455,0.036,0.005,"gaussian",600,"ar",0.8,0.1,400,300,-0.35,0.35
"27","SDA0-0.23",72.24,0.163,1,10.004,0.047,0.003,"gaussian",600,"ar",0.8,0.1,400,300,-0.35,0.35
"28","SDA1-0.053",62.84,0.042,0.998,8.076,0.03,0.006,"gaussian",600,"ar",0.8,0.1,400,300,-0.35,0.35
"29","SDA1-0.13",65.75,0.083,0.999,8.816,0.038,0.005,"gaussian",600,"ar",0.8,0.1,400,300,-0.35,0.35
"30","SDA1-0.23",72.89,0.171,0.998,9.897,0.052,0.006,"gaussian",600,"ar",0.8,0.1,400,300,-0.35,0.35
"31","LEB03",63.36,0.05,0.997,8.377,0.03,0.007,"gaussian",600,"ar",0.8,0.1,400,300,-0.35,0.35
"32","LEB3",63.78,0.056,0.997,8.412,0.033,0.007,"gaussian",600,"ar",0.8,0.1,400,300,-0.35,0.35
"33","SDA0-0.054",62.8,0.039,1,8.192,0.028,0.002,"gaussian",600,"ar",0.8,0.1,400,300,-0.4,0.4
"34","SDA0-0.14",65.89,0.084,1,8.671,0.036,0.002,"gaussian",600,"ar",0.8,0.1,400,300,-0.4,0.4
"35","SDA0-0.24",72.46,0.166,1,9.864,0.047,0.002,"gaussian",600,"ar",0.8,0.1,400,300,-0.4,0.4
"36","SDA1-0.054",62.82,0.04,0.999,8.16,0.03,0.004,"gaussian",600,"ar",0.8,0.1,400,300,-0.4,0.4
"37","SDA1-0.14",65.74,0.082,1,8.475,0.038,0.003,"gaussian",600,"ar",0.8,0.1,400,300,-0.4,0.4
"38","SDA1-0.24",72.96,0.172,0.999,9.97,0.05,0.004,"gaussian",600,"ar",0.8,0.1,400,300,-0.4,0.4
"39","LEB04",62.68,0.038,0.999,8.363,0.028,0.004,"gaussian",600,"ar",0.8,0.1,400,300,-0.4,0.4
"40","LEB4",62.79,0.04,0.999,8.223,0.029,0.004,"gaussian",600,"ar",0.8,0.1,400,300,-0.4,0.4
"41","SDA0-0.055",62.81,0.039,1,8.13,0.029,0,"gaussian",600,"ar",0.8,0.1,400,300,-0.45,0.45
"42","SDA0-0.15",65.9,0.084,1,8.695,0.036,0,"gaussian",600,"ar",0.8,0.1,400,300,-0.45,0.45
"43","SDA0-0.25",72.53,0.166,1,9.784,0.048,0.002,"gaussian",600,"ar",0.8,0.1,400,300,-0.45,0.45
"44","SDA1-0.055",62.93,0.041,1,8.169,0.032,0,"gaussian",600,"ar",0.8,0.1,400,300,-0.45,0.45
"45","SDA1-0.15",65.86,0.083,1,8.495,0.041,0.001,"gaussian",600,"ar",0.8,0.1,400,300,-0.45,0.45
"46","SDA1-0.25",72.85,0.17,1,9.778,0.051,0.001,"gaussian",600,"ar",0.8,0.1,400,300,-0.45,0.45
"47","LEB05",62.01,0.027,1,8.235,0.024,0.002,"gaussian",600,"ar",0.8,0.1,400,300,-0.45,0.45
"48","LEB5",62.2,0.029,1,8.362,0.027,0.002,"gaussian",600,"ar",0.8,0.1,400,300,-0.45,0.45
"49","SDA0-0.056",62.81,0.039,1,8.136,0.029,0,"gaussian",600,"ar",0.8,0.1,400,300,-0.5,0.5
"50","SDA0-0.16",65.94,0.084,1,8.634,0.035,0,"gaussian",600,"ar",0.8,0.1,400,300,-0.5,0.5
"51","SDA0-0.26",72.54,0.166,1,9.773,0.05,0,"gaussian",600,"ar",0.8,0.1,400,300,-0.5,0.5
"52","SDA1-0.056",63.01,0.042,1,8.135,0.031,0,"gaussian",600,"ar",0.8,0.1,400,300,-0.5,0.5
"53","SDA1-0.16",65.91,0.084,1,8.52,0.04,0,"gaussian",600,"ar",0.8,0.1,400,300,-0.5,0.5
"54","SDA1-0.26",72.82,0.169,1,10.052,0.053,0,"gaussian",600,"ar",0.8,0.1,400,300,-0.5,0.5
"55","LEB06",61.66,0.021,1,8.138,0.019,0,"gaussian",600,"ar",0.8,0.1,400,300,-0.5,0.5
"56","LEB6",61.75,0.023,1,8.123,0.02,0,"gaussian",600,"ar",0.8,0.1,400,300,-0.5,0.5
"57","SDA0-0.057",62.79,0.039,1,8.131,0.028,0,"gaussian",600,"ar",0.8,0.1,400,300,-0.55,0.55
"58","SDA0-0.17",65.91,0.084,1,8.738,0.037,0,"gaussian",600,"ar",0.8,0.1,400,300,-0.55,0.55
"59","SDA0-0.27",72.56,0.166,1,10.019,0.052,0,"gaussian",600,"ar",0.8,0.1,400,300,-0.55,0.55
"60","SDA1-0.057",62.97,0.042,1,8.184,0.03,0,"gaussian",600,"ar",0.8,0.1,400,300,-0.55,0.55
"61","SDA1-0.17",65.86,0.083,1,8.543,0.039,0,"gaussian",600,"ar",0.8,0.1,400,300,-0.55,0.55
"62","SDA1-0.27",72.87,0.17,1,10.092,0.053,0,"gaussian",600,"ar",0.8,0.1,400,300,-0.55,0.55
"63","LEB07",61.24,0.015,1,8.098,0.016,0,"gaussian",600,"ar",0.8,0.1,400,300,-0.55,0.55
"64","LEB7",61.36,0.017,1,8.065,0.018,0,"gaussian",600,"ar",0.8,0.1,400,300,-0.55,0.55
"81","SDA0-0.0510",42.22,0.054,0.663,8.48,0.036,0.107,"t",600,"ar",0.8,0.1,400,300,-0.2,0.2
"82","SDA0-0.110",47.77,0.097,0.715,9.08,0.043,0.1,"t",600,"ar",0.8,0.1,400,300,-0.2,0.2
"83","SDA0-0.210",57.59,0.18,0.781,10.279,0.054,0.086,"t",600,"ar",0.8,0.1,400,300,-0.2,0.2
"84","SDA1-0.0510",41.89,0.05,0.66,7.849,0.033,0.094,"t",600,"ar",0.8,0.1,400,300,-0.2,0.2
"85","SDA1-0.110",47.62,0.09,0.717,9.265,0.039,0.099,"t",600,"ar",0.8,0.1,400,300,-0.2,0.2
"86","SDA1-0.210",57.66,0.18,0.78,10.283,0.058,0.083,"t",600,"ar",0.8,0.1,400,300,-0.2,0.2
"87","LEB010",53.32,0.227,0.665,14.789,0.096,0.094,"t",600,"ar",0.8,0.1,400,300,-0.2,0.2
"88","LEB10",16.2,0.024,0.255,15.779,0.05,0.238,"t",600,"ar",0.8,0.1,400,300,-0.2,0.2
"89","SDA0-0.0511",53.29,0.048,0.843,8.072,0.03,0.084,"t",600,"ar",0.8,0.1,400,300,-0.25,0.25
"90","SDA0-0.111",58.33,0.092,0.878,8.96,0.039,0.076,"t",600,"ar",0.8,0.1,400,300,-0.25,0.25
"91","SDA0-0.211",66.59,0.172,0.912,9.81,0.056,0.061,"t",600,"ar",0.8,0.1,400,300,-0.25,0.25
"92","SDA1-0.0511",53.85,0.049,0.849,8.031,0.03,0.072,"t",600,"ar",0.8,0.1,400,300,-0.25,0.25
"93","SDA1-0.111",58.16,0.087,0.881,8.287,0.037,0.063,"t",600,"ar",0.8,0.1,400,300,-0.25,0.25
"94","SDA1-0.211",66.68,0.17,0.912,10.436,0.058,0.047,"t",600,"ar",0.8,0.1,400,300,-0.25,0.25
"95","LEB011",67.99,0.24,0.845,13.969,0.087,0.067,"t",600,"ar",0.8,0.1,400,300,-0.25,0.25
"96","LEB11",47.73,0.095,0.71,15.168,0.059,0.19,"t",600,"ar",0.8,0.1,400,300,-0.25,0.25
"97","SDA0-0.0512",59.53,0.045,0.943,7.796,0.03,0.052,"t",600,"ar",0.8,0.1,400,300,-0.3,0.3
"98","SDA0-0.112",63.33,0.091,0.954,8.463,0.037,0.043,"t",600,"ar",0.8,0.1,400,300,-0.3,0.3
"99","SDA0-0.212",70.51,0.17,0.967,10.153,0.053,0.035,"t",600,"ar",0.8,0.1,400,300,-0.3,0.3
"100","SDA1-0.0512",59.22,0.043,0.939,7.949,0.029,0.044,"t",600,"ar",0.8,0.1,400,300,-0.3,0.3
"101","SDA1-0.112",63.03,0.086,0.955,8.553,0.039,0.038,"t",600,"ar",0.8,0.1,400,300,-0.3,0.3
"102","SDA1-0.212",70.73,0.173,0.967,9.599,0.055,0.028,"t",600,"ar",0.8,0.1,400,300,-0.3,0.3
"103","LEB012",73.39,0.221,0.935,13.967,0.085,0.041,"t",600,"ar",0.8,0.1,400,300,-0.3,0.3
"104","LEB12",61.28,0.118,0.895,9.757,0.052,0.08,"t",600,"ar",0.8,0.1,400,300,-0.3,0.3
"105","SDA0-0.0513",61.81,0.045,0.979,7.912,0.027,0.03,"t",600,"ar",0.8,0.1,400,300,-0.35,0.35
"106","SDA0-0.113",65.22,0.089,0.985,8.384,0.035,0.025,"t",600,"ar",0.8,0.1,400,300,-0.35,0.35
"107","SDA0-0.213",72.09,0.17,0.988,10.295,0.055,0.023,"t",600,"ar",0.8,0.1,400,300,-0.35,0.35
"108","SDA1-0.0513",61.47,0.042,0.976,8.047,0.028,0.03,"t",600,"ar",0.8,0.1,400,300,-0.35,0.35
"109","SDA1-0.113",64.58,0.082,0.982,8.484,0.037,0.024,"t",600,"ar",0.8,0.1,400,300,-0.35,0.35
"110","SDA1-0.213",72.33,0.174,0.987,10.148,0.053,0.019,"t",600,"ar",0.8,0.1,400,300,-0.35,0.35
"111","LEB013",74.25,0.197,0.977,13.745,0.081,0.026,"t",600,"ar",0.8,0.1,400,300,-0.35,0.35
"112","LEB13",65.19,0.109,0.962,8.872,0.047,0.041,"t",600,"ar",0.8,0.1,400,300,-0.35,0.35
"113","SDA0-0.0514",62.65,0.044,0.992,8.118,0.027,0.018,"t",600,"ar",0.8,0.1,400,300,-0.4,0.4
"114","SDA0-0.114",65.74,0.087,0.994,8.82,0.035,0.015,"t",600,"ar",0.8,0.1,400,300,-0.4,0.4
"115","SDA0-0.214",72.58,0.17,0.994,10.455,0.061,0.013,"t",600,"ar",0.8,0.1,400,300,-0.4,0.4
"116","SDA1-0.0514",62.43,0.042,0.992,8.129,0.028,0.016,"t",600,"ar",0.8,0.1,400,300,-0.4,0.4
"117","SDA1-0.114",65.14,0.079,0.993,8.667,0.041,0.013,"t",600,"ar",0.8,0.1,400,300,-0.4,0.4
"118","SDA1-0.214",72.35,0.168,0.995,9.955,0.054,0.011,"t",600,"ar",0.8,0.1,400,300,-0.4,0.4
"119","LEB014",72.32,0.16,0.992,14.934,0.081,0.016,"t",600,"ar",0.8,0.1,400,300,-0.4,0.4
"120","LEB14",64.76,0.081,0.985,8.827,0.041,0.027,"t",600,"ar",0.8,0.1,400,300,-0.4,0.4
"121","SDA0-0.0515",62.67,0.041,0.997,8.122,0.025,0.011,"t",600,"ar",0.8,0.1,400,300,-0.45,0.45
"122","SDA0-0.115",66.08,0.088,0.998,8.765,0.037,0.008,"t",600,"ar",0.8,0.1,400,300,-0.45,0.45
"123","SDA0-0.215",72.68,0.168,0.998,10.653,0.057,0.006,"t",600,"ar",0.8,0.1,400,300,-0.45,0.45
"124","SDA1-0.0515",62.57,0.039,0.997,8.133,0.026,0.009,"t",600,"ar",0.8,0.1,400,300,-0.45,0.45
"125","SDA1-0.115",65.08,0.074,0.998,8.681,0.035,0.008,"t",600,"ar",0.8,0.1,400,300,-0.45,0.45
"126","SDA1-0.215",72.65,0.168,0.999,10.157,0.052,0.006,"t",600,"ar",0.8,0.1,400,300,-0.45,0.45
"127","LEB015",69.79,0.128,0.996,13.948,0.076,0.01,"t",600,"ar",0.8,0.1,400,300,-0.45,0.45
"128","LEB15",64.41,0.066,0.995,9.052,0.04,0.013,"t",600,"ar",0.8,0.1,400,300,-0.45,0.45
"129","SDA0-0.0516",62.87,0.041,0.999,8.198,0.025,0.006,"t",600,"ar",0.8,0.1,400,300,-0.5,0.5
"130","SDA0-0.116",66.02,0.086,0.999,9.004,0.033,0.004,"t",600,"ar",0.8,0.1,400,300,-0.5,0.5
"131","SDA0-0.216",72.64,0.167,0.999,10.455,0.056,0.004,"t",600,"ar",0.8,0.1,400,300,-0.5,0.5
"132","SDA1-0.0516",62.68,0.038,0.999,8.249,0.026,0.006,"t",600,"ar",0.8,0.1,400,300,-0.5,0.5
"133","SDA1-0.116",65.35,0.077,0.999,8.734,0.037,0.004,"t",600,"ar",0.8,0.1,400,300,-0.5,0.5
"134","SDA1-0.216",72.4,0.164,0.999,10.557,0.056,0.004,"t",600,"ar",0.8,0.1,400,300,-0.5,0.5
"135","LEB016",67.76,0.1,0.998,13.822,0.072,0.006,"t",600,"ar",0.8,0.1,400,300,-0.5,0.5
"136","LEB16",63.5,0.05,0.998,9.08,0.033,0.008,"t",600,"ar",0.8,0.1,400,300,-0.5,0.5
"137","SDA0-0.0517",62.96,0.042,1,8.245,0.025,0.003,"t",600,"ar",0.8,0.1,400,300,-0.55,0.55
"138","SDA0-0.117",66.01,0.085,1,8.873,0.034,0.002,"t",600,"ar",0.8,0.1,400,300,-0.55,0.55
"139","SDA0-0.217",72.68,0.167,1,10.333,0.054,0.002,"t",600,"ar",0.8,0.1,400,300,-0.55,0.55
"140","SDA1-0.0517",62.73,0.039,1,8.186,0.025,0.004,"t",600,"ar",0.8,0.1,400,300,-0.55,0.55
"141","SDA1-0.117",65.38,0.077,0.999,8.768,0.036,0.004,"t",600,"ar",0.8,0.1,400,300,-0.55,0.55
"142","SDA1-0.217",72.6,0.166,1,10.423,0.053,0.004,"t",600,"ar",0.8,0.1,400,300,-0.55,0.55
"143","LEB017",66.94,0.09,1,13.059,0.069,0.003,"t",600,"ar",0.8,0.1,400,300,-0.55,0.55
"144","LEB17",62.98,0.041,0.999,9.011,0.03,0.005,"t",600,"ar",0.8,0.1,400,300,-0.55,0.55
"161","SDA0-0.0520",48.07,0.052,0.754,7.986,0.032,0.062,"gamma",600,"ar",0.8,0.1,400,300,-0.2,0.2
"162","SDA0-0.120",52.86,0.087,0.798,8.293,0.041,0.058,"gamma",600,"ar",0.8,0.1,400,300,-0.2,0.2
"163","SDA0-0.220",61.67,0.172,0.843,9.834,0.055,0.054,"gamma",600,"ar",0.8,0.1,400,300,-0.2,0.2
"164","SDA1-0.0520",48.18,0.054,0.753,8.282,0.034,0.063,"gamma",600,"ar",0.8,0.1,400,300,-0.2,0.2
"165","SDA1-0.120",53.44,0.098,0.797,8.722,0.044,0.057,"gamma",600,"ar",0.8,0.1,400,300,-0.2,0.2
"166","SDA1-0.220",62.66,0.177,0.849,10.933,0.056,0.056,"gamma",600,"ar",0.8,0.1,400,300,-0.2,0.2
"167","LEB020",52.7,0.167,0.718,12.627,0.076,0.094,"gamma",600,"ar",0.8,0.1,400,300,-0.2,0.2
"168","LEB20",33.64,0.057,0.518,14.326,0.052,0.193,"gamma",600,"ar",0.8,0.1,400,300,-0.2,0.2
"169","SDA0-0.0521",57.21,0.044,0.905,8.226,0.028,0.044,"gamma",600,"ar",0.8,0.1,400,300,-0.25,0.25
"170","SDA0-0.121",60.95,0.084,0.924,8.578,0.04,0.041,"gamma",600,"ar",0.8,0.1,400,300,-0.25,0.25
"171","SDA0-0.221",69.15,0.17,0.946,10.805,0.054,0.034,"gamma",600,"ar",0.8,0.1,400,300,-0.25,0.25
"172","SDA1-0.0521",57.61,0.051,0.906,8.278,0.034,0.045,"gamma",600,"ar",0.8,0.1,400,300,-0.25,0.25
"173","SDA1-0.121",61.53,0.089,0.927,9.034,0.04,0.043,"gamma",600,"ar",0.8,0.1,400,300,-0.25,0.25
"174","SDA1-0.221",68.89,0.17,0.944,10.29,0.054,0.035,"gamma",600,"ar",0.8,0.1,400,300,-0.25,0.25
"175","LEB021",64.95,0.174,0.881,11.712,0.067,0.052,"gamma",600,"ar",0.8,0.1,400,300,-0.25,0.25
"176","LEB21",56.15,0.099,0.833,10.751,0.044,0.076,"gamma",600,"ar",0.8,0.1,400,300,-0.25,0.25
"177","SDA0-0.0522",60.99,0.042,0.968,8.226,0.026,0.029,"gamma",600,"ar",0.8,0.1,400,300,-0.3,0.3
"178","SDA0-0.122",64.22,0.081,0.976,8.88,0.041,0.026,"gamma",600,"ar",0.8,0.1,400,300,-0.3,0.3
"179","SDA0-0.222",71.15,0.165,0.982,10.037,0.049,0.024,"gamma",600,"ar",0.8,0.1,400,300,-0.3,0.3
"180","SDA1-0.0522",61.44,0.048,0.968,8.498,0.031,0.03,"gamma",600,"ar",0.8,0.1,400,300,-0.3,0.3
"181","SDA1-0.122",64.46,0.086,0.975,8.845,0.044,0.028,"gamma",600,"ar",0.8,0.1,400,300,-0.3,0.3
"182","SDA1-0.222",71.41,0.167,0.982,10.712,0.054,0.022,"gamma",600,"ar",0.8,0.1,400,300,-0.3,0.3
"183","LEB022",68.36,0.152,0.957,10.367,0.055,0.031,"gamma",600,"ar",0.8,0.1,400,300,-0.3,0.3
"184","LEB22",63.37,0.103,0.94,8.903,0.041,0.037,"gamma",600,"ar",0.8,0.1,400,300,-0.3,0.3
"185","SDA0-0.0523",62.35,0.042,0.99,8.233,0.025,0.019,"gamma",600,"ar",0.8,0.1,400,300,-0.35,0.35
"186","SDA0-0.123",65.13,0.08,0.992,8.497,0.036,0.015,"gamma",600,"ar",0.8,0.1,400,300,-0.35,0.35
"187","SDA0-0.223",72.28,0.167,0.994,10.527,0.051,0.013,"gamma",600,"ar",0.8,0.1,400,300,-0.35,0.35
"188","SDA1-0.0523",62.49,0.044,0.99,8.238,0.031,0.019,"gamma",600,"ar",0.8,0.1,400,300,-0.35,0.35
"189","SDA1-0.123",65.27,0.082,0.992,8.844,0.04,0.016,"gamma",600,"ar",0.8,0.1,400,300,-0.35,0.35
"190","SDA1-0.223",71.97,0.166,0.992,10.124,0.053,0.017,"gamma",600,"ar",0.8,0.1,400,300,-0.35,0.35
"191","LEB023",68.07,0.125,0.985,9.665,0.046,0.017,"gamma",600,"ar",0.8,0.1,400,300,-0.35,0.35
"192","LEB23",64.84,0.088,0.98,8.608,0.04,0.022,"gamma",600,"ar",0.8,0.1,400,300,-0.35,0.35
"193","SDA0-0.0524",62.64,0.04,0.996,8.275,0.024,0.009,"gamma",600,"ar",0.8,0.1,400,300,-0.4,0.4
"194","SDA0-0.124",65.39,0.08,0.997,8.62,0.034,0.01,"gamma",600,"ar",0.8,0.1,400,300,-0.4,0.4
"195","SDA0-0.224",72.53,0.167,0.998,10.482,0.05,0.006,"gamma",600,"ar",0.8,0.1,400,300,-0.4,0.4
"196","SDA1-0.0524",62.97,0.045,0.996,8.365,0.032,0.009,"gamma",600,"ar",0.8,0.1,400,300,-0.4,0.4
"197","SDA1-0.124",65.69,0.083,0.997,8.929,0.041,0.01,"gamma",600,"ar",0.8,0.1,400,300,-0.4,0.4
"198","SDA1-0.224",72.25,0.163,0.998,10.764,0.051,0.006,"gamma",600,"ar",0.8,0.1,400,300,-0.4,0.4
"199","LEB024",66.17,0.092,0.995,8.587,0.043,0.009,"gamma",600,"ar",0.8,0.1,400,300,-0.4,0.4
"200","LEB24",64.23,0.066,0.994,8.313,0.031,0.01,"gamma",600,"ar",0.8,0.1,400,300,-0.4,0.4
"201","SDA0-0.0525",62.85,0.04,0.999,8.407,0.024,0.004,"gamma",600,"ar",0.8,0.1,400,300,-0.45,0.45
"202","SDA0-0.125",65.64,0.081,0.999,8.556,0.036,0.004,"gamma",600,"ar",0.8,0.1,400,300,-0.45,0.45
"203","SDA0-0.225",72.65,0.167,0.999,10.683,0.05,0.004,"gamma",600,"ar",0.8,0.1,400,300,-0.45,0.45
"204","SDA1-0.0525",63.08,0.044,0.999,8.515,0.028,0.004,"gamma",600,"ar",0.8,0.1,400,300,-0.45,0.45
"205","SDA1-0.125",65.83,0.083,0.999,8.949,0.041,0.004,"gamma",600,"ar",0.8,0.1,400,300,-0.45,0.45
"206","SDA1-0.225",72.82,0.17,0.999,10.05,0.057,0.004,"gamma",600,"ar",0.8,0.1,400,300,-0.45,0.45
"207","LEB025",65.1,0.074,0.998,8.715,0.037,0.005,"gamma",600,"ar",0.8,0.1,400,300,-0.45,0.45
"208","LEB25",63.39,0.05,0.998,8.301,0.027,0.005,"gamma",600,"ar",0.8,0.1,400,300,-0.45,0.45
"209","SDA0-0.0526",62.74,0.038,1,8.308,0.023,0.003,"gamma",600,"ar",0.8,0.1,400,300,-0.5,0.5
"210","SDA0-0.126",65.5,0.078,1,8.539,0.035,0.002,"gamma",600,"ar",0.8,0.1,400,300,-0.5,0.5
"211","SDA0-0.226",72.66,0.167,1,10.564,0.052,0.002,"gamma",600,"ar",0.8,0.1,400,300,-0.5,0.5
"212","SDA1-0.0526",63.09,0.044,0.999,8.351,0.028,0.004,"gamma",600,"ar",0.8,0.1,400,300,-0.5,0.5
"213","SDA1-0.126",65.69,0.081,1,8.971,0.039,0.004,"gamma",600,"ar",0.8,0.1,400,300,-0.5,0.5
"214","SDA1-0.226",72.38,0.164,0.999,10.177,0.053,0.004,"gamma",600,"ar",0.8,0.1,400,300,-0.5,0.5
"215","LEB026",64.04,0.058,1,8.483,0.032,0.002,"gamma",600,"ar",0.8,0.1,400,300,-0.5,0.5
"216","LEB26",62.9,0.041,0.999,8.344,0.026,0.004,"gamma",600,"ar",0.8,0.1,400,300,-0.5,0.5
"217","SDA0-0.0527",62.84,0.04,1,8.36,0.024,0.002,"gamma",600,"ar",0.8,0.1,400,300,-0.55,0.55
"218","SDA0-0.127",65.5,0.078,1,8.892,0.035,0,"gamma",600,"ar",0.8,0.1,400,300,-0.55,0.55
"219","SDA0-0.227",72.56,0.165,1,10.445,0.053,0,"gamma",600,"ar",0.8,0.1,400,300,-0.55,0.55
"220","SDA1-0.0527",63.01,0.042,1,8.415,0.027,0.003,"gamma",600,"ar",0.8,0.1,400,300,-0.55,0.55
"221","SDA1-0.127",65.86,0.083,1,8.863,0.039,0,"gamma",600,"ar",0.8,0.1,400,300,-0.55,0.55
"222","SDA1-0.227",72.17,0.162,1,10.114,0.052,0.002,"gamma",600,"ar",0.8,0.1,400,300,-0.55,0.55
"223","LEB027",63.62,0.052,1,8.374,0.03,0.002,"gamma",600,"ar",0.8,0.1,400,300,-0.55,0.55
"224","LEB27",62.24,0.03,1,8.315,0.023,0.002,"gamma",600,"ar",0.8,0.1,400,300,-0.55,0.55
"481","SDA0-0.05",22.79,0.053,0.356,6.233,0.049,0.083,"gaussian",600,"ar",0.8,0.1,400,300,-0.1,0.1
"482","SDA0-0.1",27.74,0.086,0.416,7.397,0.063,0.086,"gaussian",600,"ar",0.8,0.1,400,300,-0.1,0.1
"483","SDA0-0.2",36.5,0.176,0.493,8.89,0.078,0.085,"gaussian",600,"ar",0.8,0.1,400,300,-0.1,0.1
"484","SDA1-0.05",23.73,0.058,0.368,6.116,0.053,0.074,"gaussian",600,"ar",0.8,0.1,400,300,-0.1,0.1
"485","SDA1-0.1",28.04,0.091,0.419,7.405,0.059,0.085,"gaussian",600,"ar",0.8,0.1,400,300,-0.1,0.1
"486","SDA1-0.2",35.92,0.175,0.486,8.737,0.074,0.082,"gaussian",600,"ar",0.8,0.1,400,300,-0.1,0.1
"487","LEB0",3.97,0.004,0.065,4.867,0.019,0.081,"gaussian",600,"ar",0.8,0.1,400,300,-0.1,0.1
"488","LEB",4.28,0.004,0.069,5.379,0.019,0.087,"gaussian",600,"ar",0.8,0.1,400,300,-0.1,0.1
"489","SDA0-0.051",43.95,0.051,0.69,7.357,0.039,0.068,"gaussian",600,"ar",0.8,0.1,400,300,-0.15,0.15
"490","SDA0-0.11",49.06,0.088,0.74,7.66,0.044,0.059,"gaussian",600,"ar",0.8,0.1,400,300,-0.15,0.15
"491","SDA0-0.21",58.18,0.179,0.788,9.447,0.057,0.054,"gaussian",600,"ar",0.8,0.1,400,300,-0.15,0.15
"492","SDA1-0.051",43.86,0.051,0.687,7.88,0.039,0.062,"gaussian",600,"ar",0.8,0.1,400,300,-0.15,0.15
"493","SDA1-0.11",49.42,0.096,0.739,7.814,0.049,0.058,"gaussian",600,"ar",0.8,0.1,400,300,-0.15,0.15
"494","SDA1-0.21",57.79,0.176,0.785,9.594,0.056,0.054,"gaussian",600,"ar",0.8,0.1,400,300,-0.15,0.15
"495","LEB01",28.99,0.049,0.451,12.425,0.053,0.17,"gaussian",600,"ar",0.8,0.1,400,300,-0.15,0.15
"496","LEB1",29.96,0.053,0.463,12.018,0.057,0.158,"gaussian",600,"ar",0.8,0.1,400,300,-0.15,0.15
"497","SDA0-0.052",56.39,0.045,0.892,7.733,0.031,0.043,"gaussian",600,"ar",0.8,0.1,400,300,-0.2,0.2
"498","SDA0-0.12",60.78,0.09,0.916,8.211,0.04,0.039,"gaussian",600,"ar",0.8,0.1,400,300,-0.2,0.2
"499","SDA0-0.22",68.02,0.171,0.933,9.074,0.049,0.036,"gaussian",600,"ar",0.8,0.1,400,300,-0.2,0.2
"500","SDA1-0.052",56.23,0.046,0.889,7.966,0.032,0.044,"gaussian",600,"ar",0.8,0.1,400,300,-0.2,0.2
"501","SDA1-0.12",60.6,0.088,0.915,8.198,0.044,0.038,"gaussian",600,"ar",0.8,0.1,400,300,-0.2,0.2
"502","SDA1-0.22",68.95,0.179,0.935,9.767,0.057,0.035,"gaussian",600,"ar",0.8,0.1,400,300,-0.2,0.2
"503","LEB02",55.3,0.098,0.822,10.055,0.056,0.063,"gaussian",600,"ar",0.8,0.1,400,300,-0.2,0.2
"504","LEB2",55.72,0.102,0.825,9.836,0.055,0.065,"gaussian",600,"ar",0.8,0.1,400,300,-0.2,0.2
"505","SDA0-0.053",8.88,0.072,0.135,4.288,0.092,0.062,"t",600,"ar",0.8,0.1,400,300,-0.1,0.1
"506","SDA0-0.13",12.53,0.118,0.182,5.349,0.097,0.074,"t",600,"ar",0.8,0.1,400,300,-0.1,0.1
"507","SDA0-0.23",18.96,0.202,0.246,7.954,0.107,0.092,"t",600,"ar",0.8,0.1,400,300,-0.1,0.1
"508","SDA1-0.053",9.26,0.061,0.144,3.897,0.088,0.059,"t",600,"ar",0.8,0.1,400,300,-0.1,0.1
"509","SDA1-0.13",13,0.116,0.189,5.324,0.103,0.074,"t",600,"ar",0.8,0.1,400,300,-0.1,0.1
"510","SDA1-0.23",18.72,0.183,0.249,7.151,0.1,0.082,"t",600,"ar",0.8,0.1,400,300,-0.1,0.1
"511","LEB03",4.39,0.076,0.061,5.266,0.177,0.07,"t",600,"ar",0.8,0.1,400,300,-0.1,0.1
"512","LEB3",0.64,0.001,0.01,1.159,0.01,0.017,"t",600,"ar",0.8,0.1,400,300,-0.1,0.1
"513","SDA0-0.054",24.13,0.058,0.375,7.916,0.049,0.107,"t",600,"ar",0.8,0.1,400,300,-0.15,0.15
"514","SDA0-0.14",30.64,0.105,0.452,8.717,0.055,0.105,"t",600,"ar",0.8,0.1,400,300,-0.15,0.15
"515","SDA0-0.24",40.42,0.189,0.541,10.241,0.065,0.104,"t",600,"ar",0.8,0.1,400,300,-0.15,0.15
"516","SDA1-0.054",25.15,0.059,0.392,7.011,0.05,0.096,"t",600,"ar",0.8,0.1,400,300,-0.15,0.15
"517","SDA1-0.14",31.12,0.1,0.462,8.134,0.056,0.095,"t",600,"ar",0.8,0.1,400,300,-0.15,0.15
"518","SDA1-0.24",40.12,0.178,0.542,9.544,0.069,0.093,"t",600,"ar",0.8,0.1,400,300,-0.15,0.15
"519","LEB04",24.8,0.146,0.328,13.778,0.115,0.138,"t",600,"ar",0.8,0.1,400,300,-0.15,0.15
"520","LEB4",2.36,0.001,0.039,4.324,0.011,0.072,"t",600,"ar",0.8,0.1,400,300,-0.15,0.15
"521","SDA0-0.055",42.22,0.054,0.663,8.48,0.036,0.107,"t",600,"ar",0.8,0.1,400,300,-0.2,0.2
"522","SDA0-0.15",47.77,0.097,0.715,9.08,0.043,0.1,"t",600,"ar",0.8,0.1,400,300,-0.2,0.2
"523","SDA0-0.25",57.59,0.18,0.781,10.279,0.054,0.086,"t",600,"ar",0.8,0.1,400,300,-0.2,0.2
"524","SDA1-0.055",41.89,0.05,0.66,7.849,0.033,0.094,"t",600,"ar",0.8,0.1,400,300,-0.2,0.2
"525","SDA1-0.15",47.62,0.09,0.717,9.265,0.039,0.099,"t",600,"ar",0.8,0.1,400,300,-0.2,0.2
"526","SDA1-0.25",57.66,0.18,0.78,10.283,0.058,0.083,"t",600,"ar",0.8,0.1,400,300,-0.2,0.2
"527","LEB05",53.32,0.227,0.665,14.789,0.096,0.094,"t",600,"ar",0.8,0.1,400,300,-0.2,0.2
"528","LEB5",16.2,0.024,0.255,15.779,0.05,0.238,"t",600,"ar",0.8,0.1,400,300,-0.2,0.2
"529","SDA0-0.056",12.42,0.059,0.191,4.667,0.076,0.059,"gamma",600,"ar",0.8,0.1,400,300,-0.1,0.1
"530","SDA0-0.16",16.81,0.097,0.247,5.738,0.077,0.066,"gamma",600,"ar",0.8,0.1,400,300,-0.1,0.1
"531","SDA0-0.26",24.81,0.193,0.326,7.488,0.09,0.071,"gamma",600,"ar",0.8,0.1,400,300,-0.1,0.1
"532","SDA1-0.056",13.88,0.068,0.21,5.5,0.07,0.069,"gamma",600,"ar",0.8,0.1,400,300,-0.1,0.1
"533","SDA1-0.16",17.84,0.105,0.261,5.612,0.076,0.067,"gamma",600,"ar",0.8,0.1,400,300,-0.1,0.1
"534","SDA1-0.26",23.86,0.173,0.321,7.263,0.088,0.074,"gamma",600,"ar",0.8,0.1,400,300,-0.1,0.1
"535","LEB06",3.48,0.021,0.053,4.37,0.057,0.061,"gamma",600,"ar",0.8,0.1,400,300,-0.1,0.1
"536","LEB6",1.08,0.012,0.017,1.662,0.102,0.024,"gamma",600,"ar",0.8,0.1,400,300,-0.1,0.1
"537","SDA0-0.057",30.55,0.051,0.479,6.679,0.04,0.073,"gamma",600,"ar",0.8,0.1,400,300,-0.15,0.15
"538","SDA0-0.17",37.21,0.091,0.559,7.296,0.047,0.073,"gamma",600,"ar",0.8,0.1,400,300,-0.15,0.15
"539","SDA0-0.27",47.18,0.183,0.634,9.191,0.063,0.07,"gamma",600,"ar",0.8,0.1,400,300,-0.15,0.15
"540","SDA1-0.057",31.44,0.052,0.491,7.45,0.045,0.082,"gamma",600,"ar",0.8,0.1,400,300,-0.15,0.15
"541","SDA1-0.17",37.7,0.099,0.558,8.735,0.055,0.086,"gamma",600,"ar",0.8,0.1,400,300,-0.15,0.15
"542","SDA1-0.27",47.3,0.179,0.635,10.572,0.068,0.075,"gamma",600,"ar",0.8,0.1,400,300,-0.15,0.15
"543","LEB07",24.41,0.088,0.355,11.714,0.079,0.14,"gamma",600,"ar",0.8,0.1,400,300,-0.15,0.15
"544","LEB7",4.9,0.007,0.078,6.039,0.025,0.092,"gamma",600,"ar",0.8,0.1,400,300,-0.15,0.15
"545","SDA0-0.058",48.07,0.052,0.754,7.986,0.032,0.062,"gamma",600,"ar",0.8,0.1,400,300,-0.2,0.2
"546","SDA0-0.18",52.86,0.087,0.798,8.293,0.041,0.058,"gamma",600,"ar",0.8,0.1,400,300,-0.2,0.2
"547","SDA0-0.28",61.67,0.172,0.843,9.834,0.055,0.054,"gamma",600,"ar",0.8,0.1,400,300,-0.2,0.2
"548","SDA1-0.058",48.18,0.054,0.753,8.282,0.034,0.063,"gamma",600,"ar",0.8,0.1,400,300,-0.2,0.2
"549","SDA1-0.18",53.44,0.098,0.797,8.722,0.044,0.057,"gamma",600,"ar",0.8,0.1,400,300,-0.2,0.2
"550","SDA1-0.28",62.66,0.177,0.849,10.933,0.056,0.056,"gamma",600,"ar",0.8,0.1,400,300,-0.2,0.2
"551","LEB08",52.7,0.167,0.718,12.627,0.076,0.094,"gamma",600,"ar",0.8,0.1,400,300,-0.2,0.2
"552","LEB8",33.64,0.057,0.518,14.326,0.052,0.193,"gamma",600,"ar",0.8,0.1,400,300,-0.2,0.2
"241","SDA0-0.0530",31.91,0.053,0.497,7.555,0.043,0.083,"gaussian",600,"bd",0.8,0.1,400,300,-0.2,0.2
"242","SDA0-0.130",38.4,0.092,0.574,8.235,0.05,0.081,"gaussian",600,"bd",0.8,0.1,400,300,-0.2,0.2
"243","SDA0-0.230",48.87,0.169,0.667,9.818,0.065,0.072,"gaussian",600,"bd",0.8,0.1,400,300,-0.2,0.2
"244","SDA1-0.0530",32.14,0.054,0.501,7.575,0.04,0.083,"gaussian",600,"bd",0.8,0.1,400,300,-0.2,0.2
"245","SDA1-0.130",38.83,0.093,0.58,8.368,0.05,0.08,"gaussian",600,"bd",0.8,0.1,400,300,-0.2,0.2
"246","SDA1-0.230",48.86,0.173,0.663,9.939,0.064,0.075,"gaussian",600,"bd",0.8,0.1,400,300,-0.2,0.2
"247","LEB030",2.21,0,0.038,4.302,0,0.08,"gaussian",600,"bd",0.8,0.1,400,300,-0.2,0.2
"248","LEB30",2.36,0,0.04,4.428,0,0.082,"gaussian",600,"bd",0.8,0.1,400,300,-0.2,0.2
"249","SDA0-0.0531",47.03,0.046,0.742,7.964,0.036,0.064,"gaussian",600,"bd",0.8,0.1,400,300,-0.25,0.25
"250","SDA0-0.131",53.1,0.088,0.8,8.372,0.043,0.058,"gaussian",600,"bd",0.8,0.1,400,300,-0.25,0.25
"251","SDA0-0.231",62.86,0.176,0.856,9.494,0.049,0.05,"gaussian",600,"bd",0.8,0.1,400,300,-0.25,0.25
"252","SDA1-0.0531",47.31,0.047,0.746,7.867,0.035,0.067,"gaussian",600,"bd",0.8,0.1,400,300,-0.25,0.25
"253","SDA1-0.131",53.32,0.091,0.801,8.655,0.042,0.062,"gaussian",600,"bd",0.8,0.1,400,300,-0.25,0.25
"254","SDA1-0.231",62.25,0.173,0.85,9.651,0.05,0.05,"gaussian",600,"bd",0.8,0.1,400,300,-0.25,0.25
"255","LEB031",16.88,0.007,0.274,17.787,0.019,0.279,"gaussian",600,"bd",0.8,0.1,400,300,-0.25,0.25
"256","LEB31",19.05,0.008,0.307,18.345,0.02,0.282,"gaussian",600,"bd",0.8,0.1,400,300,-0.25,0.25
"257","SDA0-0.0532",56.57,0.046,0.894,8.047,0.028,0.044,"gaussian",600,"bd",0.8,0.1,400,300,-0.3,0.3
"258","SDA0-0.132",61.33,0.085,0.928,8.796,0.039,0.036,"gaussian",600,"bd",0.8,0.1,400,300,-0.3,0.3
"259","SDA0-0.232",69.05,0.168,0.949,9.756,0.049,0.027,"gaussian",600,"bd",0.8,0.1,400,300,-0.3,0.3
"260","SDA1-0.0532",56.52,0.046,0.893,8.057,0.03,0.047,"gaussian",600,"bd",0.8,0.1,400,300,-0.3,0.3
"261","SDA1-0.132",61.34,0.088,0.926,8.584,0.041,0.037,"gaussian",600,"bd",0.8,0.1,400,300,-0.3,0.3
"262","SDA1-0.232",68.91,0.167,0.947,10.495,0.052,0.033,"gaussian",600,"bd",0.8,0.1,400,300,-0.3,0.3
"263","LEB032",56.23,0.048,0.886,9.301,0.034,0.08,"gaussian",600,"bd",0.8,0.1,400,300,-0.3,0.3
"264","LEB32",56.91,0.055,0.89,9.243,0.034,0.076,"gaussian",600,"bd",0.8,0.1,400,300,-0.3,0.3
"265","SDA0-0.0533",60.83,0.042,0.966,8.06,0.027,0.024,"gaussian",600,"bd",0.8,0.1,400,300,-0.35,0.35
"266","SDA0-0.133",64.49,0.086,0.975,8.743,0.042,0.02,"gaussian",600,"bd",0.8,0.1,400,300,-0.35,0.35
"267","SDA0-0.233",71.36,0.169,0.981,9.793,0.05,0.018,"gaussian",600,"bd",0.8,0.1,400,300,-0.35,0.35
"268","SDA1-0.0533",60.76,0.042,0.965,8.073,0.026,0.026,"gaussian",600,"bd",0.8,0.1,400,300,-0.35,0.35
"269","SDA1-0.133",64.64,0.09,0.974,8.488,0.04,0.023,"gaussian",600,"bd",0.8,0.1,400,300,-0.35,0.35
"270","SDA1-0.233",71.39,0.169,0.981,9.793,0.051,0.018,"gaussian",600,"bd",0.8,0.1,400,300,-0.35,0.35
"271","LEB033",61.86,0.053,0.97,8.324,0.034,0.023,"gaussian",600,"bd",0.8,0.1,400,300,-0.35,0.35
"272","LEB33",62,0.055,0.971,8.276,0.034,0.023,"gaussian",600,"bd",0.8,0.1,400,300,-0.35,0.35
"273","SDA0-0.0534",62.22,0.041,0.989,8.095,0.028,0.014,"gaussian",600,"bd",0.8,0.1,400,300,-0.4,0.4
"274","SDA0-0.134",65.32,0.084,0.991,8.499,0.04,0.013,"gaussian",600,"bd",0.8,0.1,400,300,-0.4,0.4
"275","SDA0-0.234",72.16,0.166,0.995,10.113,0.049,0.009,"gaussian",600,"bd",0.8,0.1,400,300,-0.4,0.4
"276","SDA1-0.0534",62.26,0.042,0.988,7.931,0.027,0.013,"gaussian",600,"bd",0.8,0.1,400,300,-0.4,0.4
"277","SDA1-0.134",65.48,0.086,0.991,8.469,0.041,0.012,"gaussian",600,"bd",0.8,0.1,400,300,-0.4,0.4
"278","SDA1-0.234",72.1,0.167,0.993,9.7,0.052,0.011,"gaussian",600,"bd",0.8,0.1,400,300,-0.4,0.4
"279","LEB034",62.58,0.046,0.989,8.207,0.031,0.013,"gaussian",600,"bd",0.8,0.1,400,300,-0.4,0.4
"280","LEB34",62.35,0.043,0.988,8.133,0.031,0.013,"gaussian",600,"bd",0.8,0.1,400,300,-0.4,0.4
"281","SDA0-0.0535",62.82,0.042,0.998,8.019,0.028,0.006,"gaussian",600,"bd",0.8,0.1,400,300,-0.45,0.45
"282","SDA0-0.135",65.85,0.085,0.998,8.602,0.039,0.006,"gaussian",600,"bd",0.8,0.1,400,300,-0.45,0.45
"283","SDA0-0.235",72.63,0.168,0.999,10.115,0.048,0.005,"gaussian",600,"bd",0.8,0.1,400,300,-0.45,0.45
"284","SDA1-0.0535",62.67,0.041,0.997,7.942,0.026,0.008,"gaussian",600,"bd",0.8,0.1,400,300,-0.45,0.45
"285","SDA1-0.135",65.94,0.086,0.998,8.693,0.04,0.006,"gaussian",600,"bd",0.8,0.1,400,300,-0.45,0.45
"286","SDA1-0.235",72.59,0.169,0.998,9.759,0.052,0.006,"gaussian",600,"bd",0.8,0.1,400,300,-0.45,0.45
"287","LEB035",62.53,0.037,0.997,8.302,0.029,0.007,"gaussian",600,"bd",0.8,0.1,400,300,-0.45,0.45
"288","LEB35",62.43,0.037,0.997,8.062,0.027,0.007,"gaussian",600,"bd",0.8,0.1,400,300,-0.45,0.45
"289","SDA0-0.0536",62.84,0.041,0.999,8.016,0.027,0.003,"gaussian",600,"bd",0.8,0.1,400,300,-0.5,0.5
"290","SDA0-0.136",65.91,0.084,0.999,8.545,0.04,0.003,"gaussian",600,"bd",0.8,0.1,400,300,-0.5,0.5
"291","SDA0-0.236",72.78,0.169,1,10.106,0.05,0.002,"gaussian",600,"bd",0.8,0.1,400,300,-0.5,0.5
"292","SDA1-0.0536",62.89,0.042,0.999,7.938,0.026,0.004,"gaussian",600,"bd",0.8,0.1,400,300,-0.5,0.5
"293","SDA1-0.136",66.01,0.086,0.999,8.706,0.039,0.004,"gaussian",600,"bd",0.8,0.1,400,300,-0.5,0.5
"294","SDA1-0.236",72.84,0.171,0.999,9.611,0.052,0.004,"gaussian",600,"bd",0.8,0.1,400,300,-0.5,0.5
"295","LEB036",62.07,0.028,0.999,8.18,0.025,0.003,"gaussian",600,"bd",0.8,0.1,400,300,-0.5,0.5
"296","LEB36",62.28,0.032,0.999,8.2,0.027,0.004,"gaussian",600,"bd",0.8,0.1,400,300,-0.5,0.5
"297","SDA0-0.0537",62.97,0.042,1,8.013,0.027,0.001,"gaussian",600,"bd",0.8,0.1,400,300,-0.55,0.55
"298","SDA0-0.137",65.91,0.084,1,8.571,0.039,0,"gaussian",600,"bd",0.8,0.1,400,300,-0.55,0.55
"299","SDA0-0.237",72.74,0.168,1,10.084,0.05,0,"gaussian",600,"bd",0.8,0.1,400,300,-0.55,0.55
"300","SDA1-0.0537",62.86,0.041,1,7.943,0.025,0.003,"gaussian",600,"bd",0.8,0.1,400,300,-0.55,0.55
"301","SDA1-0.137",66.19,0.088,1,8.723,0.039,0.003,"gaussian",600,"bd",0.8,0.1,400,300,-0.55,0.55
"302","SDA1-0.237",72.72,0.168,1,9.708,0.053,0.002,"gaussian",600,"bd",0.8,0.1,400,300,-0.55,0.55
"303","LEB037",61.86,0.024,1,8.206,0.021,0,"gaussian",600,"bd",0.8,0.1,400,300,-0.55,0.55
"304","LEB37",61.81,0.024,1,8.122,0.022,0,"gaussian",600,"bd",0.8,0.1,400,300,-0.55,0.55
"305","SDA0-0.0538",62.93,0.041,1,8.069,0.028,0,"gaussian",600,"bd",0.8,0.1,400,300,-0.6,0.6
"306","SDA0-0.138",65.86,0.083,1,8.576,0.04,0,"gaussian",600,"bd",0.8,0.1,400,300,-0.6,0.6
"307","SDA0-0.238",72.64,0.167,1,10.105,0.049,0,"gaussian",600,"bd",0.8,0.1,400,300,-0.6,0.6
"308","SDA1-0.0538",62.95,0.042,1,8,0.026,0,"gaussian",600,"bd",0.8,0.1,400,300,-0.6,0.6
"309","SDA1-0.138",66.14,0.087,1,8.927,0.037,0,"gaussian",600,"bd",0.8,0.1,400,300,-0.6,0.6
"310","SDA1-0.238",72.46,0.166,1,9.496,0.051,0,"gaussian",600,"bd",0.8,0.1,400,300,-0.6,0.6
"311","LEB038",61.59,0.02,1,8.125,0.019,0,"gaussian",600,"bd",0.8,0.1,400,300,-0.6,0.6
"312","LEB38",61.61,0.021,1,8.105,0.018,0,"gaussian",600,"bd",0.8,0.1,400,300,-0.6,0.6
"313","SDA0-0.0539",62.89,0.04,1,8.171,0.027,0,"gaussian",600,"bd",0.8,0.1,400,300,-0.65,0.65
"314","SDA0-0.139",65.91,0.084,1,8.638,0.041,0,"gaussian",600,"bd",0.8,0.1,400,300,-0.65,0.65
"315","SDA0-0.239",72.44,0.165,1,9.79,0.048,0,"gaussian",600,"bd",0.8,0.1,400,300,-0.65,0.65
"316","SDA1-0.0539",62.94,0.042,1,7.993,0.025,0,"gaussian",600,"bd",0.8,0.1,400,300,-0.65,0.65
"317","SDA1-0.139",66.22,0.088,1,8.863,0.039,0,"gaussian",600,"bd",0.8,0.1,400,300,-0.65,0.65
"318","SDA1-0.239",72.8,0.169,1,9.726,0.049,0,"gaussian",600,"bd",0.8,0.1,400,300,-0.65,0.65
"319","LEB039",61.49,0.019,1,8.082,0.018,0,"gaussian",600,"bd",0.8,0.1,400,300,-0.65,0.65
"320","LEB39",61.45,0.018,1,8.063,0.019,0,"gaussian",600,"bd",0.8,0.1,400,300,-0.65,0.65
"321","SDA0-0.0540",10.94,0.057,0.169,5.683,0.072,0.08,"t",600,"bd",0.8,0.1,400,300,-0.2,0.2
"322","SDA0-0.140",16.44,0.108,0.241,6.447,0.087,0.085,"t",600,"bd",0.8,0.1,400,300,-0.2,0.2
"323","SDA0-0.240",25.1,0.188,0.333,9.013,0.089,0.099,"t",600,"bd",0.8,0.1,400,300,-0.2,0.2
"324","SDA1-0.0540",11.96,0.066,0.182,5.874,0.072,0.082,"t",600,"bd",0.8,0.1,400,300,-0.2,0.2
"325","SDA1-0.140",16.96,0.11,0.247,6.482,0.08,0.084,"t",600,"bd",0.8,0.1,400,300,-0.2,0.2
"326","SDA1-0.240",24.56,0.177,0.331,8.543,0.088,0.097,"t",600,"bd",0.8,0.1,400,300,-0.2,0.2
"327","LEB040",6.25,0.042,0.09,8.088,0.089,0.107,"t",600,"bd",0.8,0.1,400,300,-0.2,0.2
"328","LEB40",0.51,0,0.009,0.541,0,0.009,"t",600,"bd",0.8,0.1,400,300,-0.2,0.2
"329","SDA0-0.0541",22.88,0.055,0.356,7.77,0.052,0.105,"t",600,"bd",0.8,0.1,400,300,-0.25,0.25
"330","SDA0-0.141",30.02,0.102,0.445,9.222,0.059,0.115,"t",600,"bd",0.8,0.1,400,300,-0.25,0.25
"331","SDA0-0.241",41.73,0.183,0.56,11.147,0.068,0.116,"t",600,"bd",0.8,0.1,400,300,-0.25,0.25
"332","SDA1-0.0541",23.66,0.056,0.369,7.815,0.054,0.112,"t",600,"bd",0.8,0.1,400,300,-0.25,0.25
"333","SDA1-0.141",30.73,0.092,0.459,8.393,0.056,0.103,"t",600,"bd",0.8,0.1,400,300,-0.25,0.25
"334","SDA1-0.241",41.04,0.17,0.559,9.929,0.067,0.098,"t",600,"bd",0.8,0.1,400,300,-0.25,0.25
"335","LEB041",21.03,0.063,0.305,14.951,0.098,0.188,"t",600,"bd",0.8,0.1,400,300,-0.25,0.25
"336","LEB41",0.65,0,0.011,1.067,0,0.017,"t",600,"bd",0.8,0.1,400,300,-0.25,0.25
"337","SDA0-0.0542",37.09,0.053,0.582,9.133,0.041,0.118,"t",600,"bd",0.8,0.1,400,300,-0.3,0.3
"338","SDA0-0.142",43.98,0.095,0.658,9.832,0.05,0.117,"t",600,"bd",0.8,0.1,400,300,-0.3,0.3
"339","SDA0-0.242",54.78,0.178,0.742,11.299,0.063,0.103,"t",600,"bd",0.8,0.1,400,300,-0.3,0.3
"340","SDA1-0.0542",37.14,0.051,0.584,8.58,0.035,0.11,"t",600,"bd",0.8,0.1,400,300,-0.3,0.3
"341","SDA1-0.142",44.04,0.086,0.666,8.58,0.044,0.093,"t",600,"bd",0.8,0.1,400,300,-0.3,0.3
"342","SDA1-0.242",53.92,0.167,0.74,10.47,0.06,0.09,"t",600,"bd",0.8,0.1,400,300,-0.3,0.3
"343","LEB042",47.64,0.128,0.674,13.636,0.09,0.129,"t",600,"bd",0.8,0.1,400,300,-0.3,0.3
"344","LEB42",2.54,0.001,0.042,6.551,0.005,0.107,"t",600,"bd",0.8,0.1,400,300,-0.3,0.3
"345","SDA0-0.0543",47.7,0.049,0.753,8.915,0.034,0.106,"t",600,"bd",0.8,0.1,400,300,-0.35,0.35
"346","SDA0-0.143",53.34,0.089,0.806,9.502,0.039,0.1,"t",600,"bd",0.8,0.1,400,300,-0.35,0.35
"347","SDA0-0.243",62.88,0.171,0.861,10.759,0.057,0.081,"t",600,"bd",0.8,0.1,400,300,-0.35,0.35
"348","SDA1-0.0543",48.31,0.049,0.762,8.292,0.034,0.091,"t",600,"bd",0.8,0.1,400,300,-0.35,0.35
"349","SDA1-0.143",53.35,0.083,0.809,9.422,0.043,0.086,"t",600,"bd",0.8,0.1,400,300,-0.35,0.35
"350","SDA1-0.243",62.7,0.165,0.866,9.637,0.055,0.072,"t",600,"bd",0.8,0.1,400,300,-0.35,0.35
"351","LEB043",60.78,0.147,0.85,12.522,0.077,0.09,"t",600,"bd",0.8,0.1,400,300,-0.35,0.35
"352","LEB43",15.39,0.011,0.254,20.617,0.028,0.336,"t",600,"bd",0.8,0.1,400,300,-0.35,0.35
"353","SDA0-0.0544",54.8,0.047,0.868,8.52,0.034,0.089,"t",600,"bd",0.8,0.1,400,300,-0.4,0.4
"354","SDA0-0.144",59.33,0.084,0.9,9.359,0.043,0.077,"t",600,"bd",0.8,0.1,400,300,-0.4,0.4
"355","SDA0-0.244",67.66,0.169,0.928,10.895,0.056,0.068,"t",600,"bd",0.8,0.1,400,300,-0.4,0.4
"356","SDA1-0.0544",54.98,0.045,0.871,8.331,0.031,0.077,"t",600,"bd",0.8,0.1,400,300,-0.4,0.4
"357","SDA1-0.144",59.42,0.082,0.904,8.356,0.04,0.061,"t",600,"bd",0.8,0.1,400,300,-0.4,0.4
"358","SDA1-0.244",66.9,0.16,0.929,9.572,0.054,0.052,"t",600,"bd",0.8,0.1,400,300,-0.4,0.4
"359","LEB044",66.61,0.148,0.935,10.902,0.071,0.049,"t",600,"bd",0.8,0.1,400,300,-0.4,0.4
"360","LEB44",49.35,0.047,0.777,19.517,0.041,0.288,"t",600,"bd",0.8,0.1,400,300,-0.4,0.4
"361","SDA0-0.0545",58.68,0.043,0.932,8.413,0.03,0.073,"t",600,"bd",0.8,0.1,400,300,-0.45,0.45
"362","SDA0-0.145",62.81,0.082,0.955,8.678,0.039,0.054,"t",600,"bd",0.8,0.1,400,300,-0.45,0.45
"363","SDA0-0.245",70.35,0.169,0.966,10.423,0.057,0.046,"t",600,"bd",0.8,0.1,400,300,-0.45,0.45
"364","SDA1-0.0545",58.92,0.044,0.935,7.977,0.029,0.052,"t",600,"bd",0.8,0.1,400,300,-0.45,0.45
"365","SDA1-0.145",62.4,0.08,0.95,8.641,0.041,0.047,"t",600,"bd",0.8,0.1,400,300,-0.45,0.45
"366","SDA1-0.245",69.54,0.16,0.966,9.546,0.048,0.031,"t",600,"bd",0.8,0.1,400,300,-0.45,0.45
"367","LEB045",69.05,0.144,0.973,11.416,0.071,0.031,"t",600,"bd",0.8,0.1,400,300,-0.45,0.45
"368","LEB45",60.72,0.059,0.948,8.304,0.035,0.052,"t",600,"bd",0.8,0.1,400,300,-0.45,0.45
"369","SDA0-0.0546",61.12,0.044,0.969,8.093,0.03,0.045,"t",600,"bd",0.8,0.1,400,300,-0.5,0.5
"370","SDA0-0.146",64.19,0.081,0.978,8.393,0.036,0.037,"t",600,"bd",0.8,0.1,400,300,-0.5,0.5
"371","SDA0-0.246",71.22,0.164,0.984,10.489,0.056,0.034,"t",600,"bd",0.8,0.1,400,300,-0.5,0.5
"372","SDA1-0.0546",61.07,0.042,0.97,8.049,0.03,0.032,"t",600,"bd",0.8,0.1,400,300,-0.5,0.5
"373","SDA1-0.146",63.88,0.075,0.978,8.576,0.039,0.025,"t",600,"bd",0.8,0.1,400,300,-0.5,0.5
"374","SDA1-0.246",70.82,0.161,0.983,9.39,0.054,0.021,"t",600,"bd",0.8,0.1,400,300,-0.5,0.5
"375","LEB046",68.72,0.124,0.989,11.629,0.071,0.019,"t",600,"bd",0.8,0.1,400,300,-0.5,0.5
"376","LEB46",62.39,0.055,0.977,8.044,0.033,0.027,"t",600,"bd",0.8,0.1,400,300,-0.5,0.5
"377","SDA0-0.0547",62.22,0.044,0.986,8.389,0.027,0.032,"t",600,"bd",0.8,0.1,400,300,-0.55,0.55
"378","SDA0-0.147",65.19,0.083,0.99,8.724,0.039,0.027,"t",600,"bd",0.8,0.1,400,300,-0.55,0.55
"379","SDA0-0.247",71.98,0.164,0.993,10.542,0.057,0.022,"t",600,"bd",0.8,0.1,400,300,-0.55,0.55
"380","SDA1-0.0547",61.81,0.039,0.984,8.304,0.028,0.024,"t",600,"bd",0.8,0.1,400,300,-0.55,0.55
"381","SDA1-0.147",64.77,0.078,0.988,8.768,0.038,0.018,"t",600,"bd",0.8,0.1,400,300,-0.55,0.55
"382","SDA1-0.247",71.11,0.156,0.993,9.945,0.049,0.014,"t",600,"bd",0.8,0.1,400,300,-0.55,0.55
"383","LEB047",68.04,0.11,0.996,11.749,0.065,0.01,"t",600,"bd",0.8,0.1,400,300,-0.55,0.55
"384","LEB47",62.8,0.048,0.991,8.016,0.027,0.017,"t",600,"bd",0.8,0.1,400,300,-0.55,0.55
"385","SDA0-0.0548",62.65,0.043,0.994,8.222,0.029,0.022,"t",600,"bd",0.8,0.1,400,300,-0.6,0.6
"386","SDA0-0.148",65.49,0.082,0.995,8.696,0.039,0.019,"t",600,"bd",0.8,0.1,400,300,-0.6,0.6
"387","SDA0-0.248",72.47,0.167,0.997,10.528,0.055,0.015,"t",600,"bd",0.8,0.1,400,300,-0.6,0.6
"388","SDA1-0.0548",62.4,0.039,0.993,8.434,0.027,0.018,"t",600,"bd",0.8,0.1,400,300,-0.6,0.6
"389","SDA1-0.148",65.26,0.079,0.995,8.897,0.039,0.012,"t",600,"bd",0.8,0.1,400,300,-0.6,0.6
"390","SDA1-0.248",71.38,0.156,0.997,9.531,0.048,0.009,"t",600,"bd",0.8,0.1,400,300,-0.6,0.6
"391","LEB048",67.18,0.097,0.999,11.351,0.061,0.006,"t",600,"bd",0.8,0.1,400,300,-0.6,0.6
"392","LEB48",62.87,0.044,0.996,8.107,0.028,0.01,"t",600,"bd",0.8,0.1,400,300,-0.6,0.6
"393","SDA0-0.0549",62.8,0.042,0.997,8.313,0.028,0.018,"t",600,"bd",0.8,0.1,400,300,-0.65,0.65
"394","SDA0-0.149",65.75,0.083,0.998,8.866,0.038,0.013,"t",600,"bd",0.8,0.1,400,300,-0.65,0.65
"395","SDA0-0.249",72.62,0.167,0.998,10.638,0.056,0.011,"t",600,"bd",0.8,0.1,400,300,-0.65,0.65
"396","SDA1-0.0549",62.64,0.04,0.997,8.194,0.029,0.012,"t",600,"bd",0.8,0.1,400,300,-0.65,0.65
"397","SDA1-0.149",65.28,0.076,0.998,8.791,0.041,0.007,"t",600,"bd",0.8,0.1,400,300,-0.65,0.65
"398","SDA1-0.249",71.63,0.157,0.998,9.74,0.051,0.006,"t",600,"bd",0.8,0.1,400,300,-0.65,0.65
"399","LEB049",66.21,0.084,0.999,10.916,0.06,0.004,"t",600,"bd",0.8,0.1,400,300,-0.65,0.65
"400","LEB49",62.52,0.037,0.998,8.006,0.024,0.006,"t",600,"bd",0.8,0.1,400,300,-0.65,0.65
"401","SDA0-0.0550",16.86,0.059,0.259,6.399,0.056,0.082,"gamma",600,"bd",0.8,0.1,400,300,-0.2,0.2
"402","SDA0-0.150",22.33,0.096,0.332,6.445,0.06,0.08,"gamma",600,"bd",0.8,0.1,400,300,-0.2,0.2
"403","SDA0-0.250",33.3,0.182,0.446,8.819,0.072,0.087,"gamma",600,"bd",0.8,0.1,400,300,-0.2,0.2
"404","SDA1-0.0550",17.32,0.06,0.269,6.174,0.058,0.09,"gamma",600,"bd",0.8,0.1,400,300,-0.2,0.2
"405","SDA1-0.150",23.29,0.097,0.344,7.339,0.066,0.091,"gamma",600,"bd",0.8,0.1,400,300,-0.2,0.2
"406","SDA1-0.250",32.15,0.178,0.432,9.443,0.074,0.091,"gamma",600,"bd",0.8,0.1,400,300,-0.2,0.2
"407","LEB050",3.68,0.006,0.06,5.037,0.021,0.077,"gamma",600,"bd",0.8,0.1,400,300,-0.2,0.2
"408","LEB50",0.72,0.01,0.012,0.933,0.1,0.015,"gamma",600,"bd",0.8,0.1,400,300,-0.2,0.2
"409","SDA0-0.0551",30.79,0.047,0.484,7.046,0.039,0.078,"gamma",600,"bd",0.8,0.1,400,300,-0.25,0.25
"410","SDA0-0.151",38.33,0.091,0.574,8.176,0.047,0.078,"gamma",600,"bd",0.8,0.1,400,300,-0.25,0.25
"411","SDA0-0.251",50.25,0.18,0.677,10.233,0.059,0.073,"gamma",600,"bd",0.8,0.1,400,300,-0.25,0.25
"412","SDA1-0.0551",31.86,0.056,0.498,6.691,0.041,0.082,"gamma",600,"bd",0.8,0.1,400,300,-0.25,0.25
"413","SDA1-0.151",38.58,0.092,0.578,8.091,0.045,0.082,"gamma",600,"bd",0.8,0.1,400,300,-0.25,0.25
"414","SDA1-0.251",48.94,0.171,0.663,11.177,0.067,0.08,"gamma",600,"bd",0.8,0.1,400,300,-0.25,0.25
"415","LEB051",21.66,0.035,0.335,15.805,0.044,0.227,"gamma",600,"bd",0.8,0.1,400,300,-0.25,0.25
"416","LEB51",1.29,0,0.021,2.516,0,0.042,"gamma",600,"bd",0.8,0.1,400,300,-0.25,0.25
"417","SDA0-0.0552",44.79,0.046,0.707,8.176,0.03,0.078,"gamma",600,"bd",0.8,0.1,400,300,-0.3,0.3
"418","SDA0-0.152",50.87,0.088,0.766,9.215,0.04,0.065,"gamma",600,"bd",0.8,0.1,400,300,-0.3,0.3
"419","SDA0-0.252",61.26,0.173,0.835,10.535,0.054,0.057,"gamma",600,"bd",0.8,0.1,400,300,-0.3,0.3
"420","SDA1-0.0552",44.98,0.049,0.706,8.569,0.033,0.075,"gamma",600,"bd",0.8,0.1,400,300,-0.3,0.3
"421","SDA1-0.152",51,0.09,0.766,8.684,0.043,0.065,"gamma",600,"bd",0.8,0.1,400,300,-0.3,0.3
"422","SDA1-0.252",60.54,0.17,0.827,10.835,0.061,0.059,"gamma",600,"bd",0.8,0.1,400,300,-0.3,0.3
"423","LEB052",49.74,0.082,0.752,10.599,0.048,0.102,"gamma",600,"bd",0.8,0.1,400,300,-0.3,0.3
"424","LEB52",6.8,0.003,0.11,11.912,0.011,0.192,"gamma",600,"bd",0.8,0.1,400,300,-0.3,0.3
"425","SDA0-0.0553",53.74,0.043,0.85,8.767,0.025,0.058,"gamma",600,"bd",0.8,0.1,400,300,-0.35,0.35
"426","SDA0-0.153",58.74,0.087,0.886,9.415,0.04,0.05,"gamma",600,"bd",0.8,0.1,400,300,-0.35,0.35
"427","SDA0-0.253",66.89,0.165,0.92,11.163,0.052,0.042,"gamma",600,"bd",0.8,0.1,400,300,-0.35,0.35
"428","SDA1-0.0553",54.11,0.047,0.853,8.687,0.031,0.06,"gamma",600,"bd",0.8,0.1,400,300,-0.35,0.35
"429","SDA1-0.153",58.83,0.088,0.886,9.417,0.04,0.051,"gamma",600,"bd",0.8,0.1,400,300,-0.35,0.35
"430","SDA1-0.253",67.08,0.17,0.917,11.26,0.055,0.047,"gamma",600,"bd",0.8,0.1,400,300,-0.35,0.35
"431","LEB053",60.68,0.101,0.899,10.479,0.046,0.053,"gamma",600,"bd",0.8,0.1,400,300,-0.35,0.35
"432","LEB53",48.38,0.042,0.761,17.801,0.034,0.25,"gamma",600,"bd",0.8,0.1,400,300,-0.35,0.35
"433","SDA0-0.0554",58.69,0.041,0.932,8.596,0.024,0.041,"gamma",600,"bd",0.8,0.1,400,300,-0.4,0.4
"434","SDA0-0.154",62.95,0.084,0.954,9.094,0.036,0.032,"gamma",600,"bd",0.8,0.1,400,300,-0.4,0.4
"435","SDA0-0.254",70.24,0.166,0.967,10.418,0.053,0.028,"gamma",600,"bd",0.8,0.1,400,300,-0.4,0.4
"436","SDA1-0.0554",59.05,0.047,0.931,8.66,0.028,0.042,"gamma",600,"bd",0.8,0.1,400,300,-0.4,0.4
"437","SDA1-0.154",62.33,0.081,0.947,9.132,0.036,0.037,"gamma",600,"bd",0.8,0.1,400,300,-0.4,0.4
"438","SDA1-0.254",70.02,0.165,0.963,11.306,0.058,0.031,"gamma",600,"bd",0.8,0.1,400,300,-0.4,0.4
"439","LEB054",64.32,0.096,0.96,9.695,0.043,0.033,"gamma",600,"bd",0.8,0.1,400,300,-0.4,0.4
"440","LEB54",60.3,0.056,0.942,8.91,0.032,0.045,"gamma",600,"bd",0.8,0.1,400,300,-0.4,0.4
"441","SDA0-0.0555",61.21,0.04,0.973,8.251,0.023,0.025,"gamma",600,"bd",0.8,0.1,400,300,-0.45,0.45
"442","SDA0-0.155",64.46,0.082,0.979,8.975,0.037,0.02,"gamma",600,"bd",0.8,0.1,400,300,-0.45,0.45
"443","SDA0-0.255",71.53,0.167,0.984,10.318,0.051,0.017,"gamma",600,"bd",0.8,0.1,400,300,-0.45,0.45
"444","SDA1-0.0555",61.51,0.046,0.972,8.581,0.027,0.025,"gamma",600,"bd",0.8,0.1,400,300,-0.45,0.45
"445","SDA1-0.155",64.1,0.079,0.978,8.819,0.032,0.022,"gamma",600,"bd",0.8,0.1,400,300,-0.45,0.45
"446","SDA1-0.255",71.7,0.167,0.985,10.929,0.055,0.018,"gamma",600,"bd",0.8,0.1,400,300,-0.45,0.45
"447","LEB055",65.2,0.088,0.984,8.981,0.039,0.018,"gamma",600,"bd",0.8,0.1,400,300,-0.45,0.45
"448","LEB55",62.46,0.056,0.975,8.904,0.032,0.024,"gamma",600,"bd",0.8,0.1,400,300,-0.45,0.45
"449","SDA0-0.0556",62.27,0.041,0.989,8.358,0.024,0.013,"gamma",600,"bd",0.8,0.1,400,300,-0.5,0.5
"450","SDA0-0.156",65.1,0.08,0.991,8.981,0.035,0.013,"gamma",600,"bd",0.8,0.1,400,300,-0.5,0.5
"451","SDA0-0.256",72.28,0.167,0.994,10.316,0.051,0.01,"gamma",600,"bd",0.8,0.1,400,300,-0.5,0.5
"452","SDA1-0.0556",62.5,0.044,0.989,8.54,0.027,0.013,"gamma",600,"bd",0.8,0.1,400,300,-0.5,0.5
"453","SDA1-0.156",65.19,0.081,0.991,8.898,0.033,0.013,"gamma",600,"bd",0.8,0.1,400,300,-0.5,0.5
"454","SDA1-0.256",72.52,0.169,0.994,10.815,0.055,0.011,"gamma",600,"bd",0.8,0.1,400,300,-0.5,0.5
"455","LEB056",64.93,0.076,0.994,8.832,0.035,0.011,"gamma",600,"bd",0.8,0.1,400,300,-0.5,0.5
"456","LEB56",62.64,0.047,0.989,8.353,0.027,0.014,"gamma",600,"bd",0.8,0.1,400,300,-0.5,0.5
"457","SDA0-0.0557",62.6,0.04,0.996,8.42,0.022,0.009,"gamma",600,"bd",0.8,0.1,400,300,-0.55,0.55
"458","SDA0-0.157",65.64,0.083,0.997,8.864,0.035,0.008,"gamma",600,"bd",0.8,0.1,400,300,-0.55,0.55
"459","SDA0-0.257",72.33,0.165,0.998,10.042,0.05,0.005,"gamma",600,"bd",0.8,0.1,400,300,-0.55,0.55
"460","SDA1-0.0557",62.95,0.045,0.996,8.314,0.026,0.009,"gamma",600,"bd",0.8,0.1,400,300,-0.55,0.55
"461","SDA1-0.157",65.48,0.081,0.996,8.973,0.032,0.009,"gamma",600,"bd",0.8,0.1,400,300,-0.55,0.55
"462","SDA1-0.257",72.63,0.168,0.997,10.869,0.056,0.009,"gamma",600,"bd",0.8,0.1,400,300,-0.55,0.55
"463","LEB057",64.67,0.068,0.998,8.627,0.035,0.006,"gamma",600,"bd",0.8,0.1,400,300,-0.55,0.55
"464","LEB57",62.74,0.042,0.996,8.479,0.025,0.009,"gamma",600,"bd",0.8,0.1,400,300,-0.55,0.55
"465","SDA0-0.0558",62.78,0.04,0.999,8.277,0.021,0.004,"gamma",600,"bd",0.8,0.1,400,300,-0.6,0.6
"466","SDA0-0.158",65.67,0.082,0.998,8.787,0.034,0.006,"gamma",600,"bd",0.8,0.1,400,300,-0.6,0.6
"467","SDA0-0.258",72.84,0.17,0.999,10.136,0.053,0.004,"gamma",600,"bd",0.8,0.1,400,300,-0.6,0.6
"468","SDA1-0.0558",62.98,0.043,0.998,8.342,0.026,0.007,"gamma",600,"bd",0.8,0.1,400,300,-0.6,0.6
"469","SDA1-0.158",65.61,0.081,0.999,8.736,0.032,0.005,"gamma",600,"bd",0.8,0.1,400,300,-0.6,0.6
"470","SDA1-0.258",72.25,0.162,0.999,10.899,0.053,0.004,"gamma",600,"bd",0.8,0.1,400,300,-0.6,0.6
"471","LEB058",63.73,0.054,0.999,8.347,0.03,0.004,"gamma",600,"bd",0.8,0.1,400,300,-0.6,0.6
"472","LEB58",62.46,0.035,0.998,8.449,0.023,0.006,"gamma",600,"bd",0.8,0.1,400,300,-0.6,0.6
"473","SDA0-0.0559",62.77,0.039,0.999,8.266,0.022,0.003,"gamma",600,"bd",0.8,0.1,400,300,-0.65,0.65
"474","SDA0-0.159",65.7,0.081,1,9.055,0.034,0.003,"gamma",600,"bd",0.8,0.1,400,300,-0.65,0.65
"475","SDA0-0.259",72.62,0.167,0.999,10.31,0.053,0.003,"gamma",600,"bd",0.8,0.1,400,300,-0.65,0.65
"476","SDA1-0.0559",63.06,0.043,0.999,8.259,0.027,0.003,"gamma",600,"bd",0.8,0.1,400,300,-0.65,0.65
"477","SDA1-0.159",65.82,0.083,0.999,9.056,0.036,0.003,"gamma",600,"bd",0.8,0.1,400,300,-0.65,0.65
"478","SDA1-0.259",72.8,0.168,1,10.906,0.057,0.003,"gamma",600,"bd",0.8,0.1,400,300,-0.65,0.65
"479","LEB059",63.51,0.05,1,8.413,0.027,0.002,"gamma",600,"bd",0.8,0.1,400,300,-0.65,0.65
"480","LEB59",62.18,0.03,0.999,8.249,0.021,0.003,"gamma",600,"bd",0.8,0.1,400,300,-0.65,0.65
